timestamp,open,high,close,low,volume,price_change,p_change,ma5,ma10,ma20,v_ma5,v_ma10,v_ma20,turnover
2020-06-22 13:55:00,2.77,2.77,2.76,2.76,3206.0,-0.01,-0.36,2.764,2.755,2.749,5971.2,4462.6,3481.65,0.05
2020-06-22 14:00:00,2.76,2.77,2.77,2.75,1316.96,0.01,0.36,2.77,2.759,2.7505,5470.99,4292.0,3412.8,0.02
2020-06-22 14:05:00,2.77,2.77,2.76,2.76,1909.04,-0.01,-0.36,2.77,2.76,2.752,4872.8,4124.3,3371.75,0.03
2020-06-22 14:10:00,2.76,2.76,2.76,2.75,2652.96,0.0,0.0,2.764,2.76,2.753,3332.59,4049.3,3422.55,0.05
2020-06-22 14:15:00,2.76,2.76,2.76,2.74,5381.04,0.0,0.0,2.762,2.761,2.754,2893.2,4291.4,3569.35,0.09
2020-06-22 14:20:00,2.76,2.76,2.75,2.75,1520.96,-0.01,-0.36,2.76,2.762,2.754,2556.19,4263.7,3525.3,0.03
2020-06-22 14:25:00,2.75,2.76,2.76,2.75,1745.04,0.01,0.36,2.758,2.764,2.7545,2641.81,4056.4,3509.95,0.03
2020-06-22 14:30:00,2.76,2.76,2.75,2.75,1778.96,-0.01,-0.36,2.756,2.763,2.7545,2615.79,3744.3,3398.55,0.03
2020-06-22 14:35:00,2.75,2.76,2.75,2.74,6225.04,0.0,0.0,2.754,2.759,2.7545,3330.21,3331.4,3582.9,0.11
2020-06-22 14:40:00,2.75,2.75,2.74,2.74,3648.0,-0.01,-0.36,2.75,2.756,2.7545,2983.6,2938.4,3696.65,0.06
2020-06-22 14:45:00,2.74,2.75,2.75,2.73,9006.0,0.01,0.36,2.75,2.755,2.755,4480.61,3518.4,3990.5,0.15
2020-06-22 14:50:00,2.74,2.75,2.75,2.74,5140.96,0.01,0.36,2.748,2.753,2.756,5159.79,3900.8,4096.4,0.09
2020-06-22 14:55:00,2.75,2.75,2.74,2.73,13720.0,-0.01,-0.36,2.746,2.751,2.7555,7548.0,5081.9,4603.1,0.23
2020-06-22 15:00:00,2.75,2.75,2.74,2.74,7424.0,-0.01,-0.36,2.744,2.749,2.7545,7787.79,5559.0,4804.15,0.13
2020-06-23 09:35:00,2.75,2.75,2.72,2.71,15322.0,-0.03,-1.09,2.74,2.745,2.753,10122.6,6553.1,5422.25,0.26
2020-06-23 09:40:00,2.71,2.72,2.71,2.7,15167.0,0.0,0.0,2.732,2.741,2.7515,11354.8,7917.7,6090.7,0.26
2020-06-23 09:45:00,2.72,2.72,2.7,2.69,20128.0,-0.02,-0.74,2.722,2.735,2.7495,14352.2,9756.0,6906.2,0.34
2020-06-23 09:50:00,2.7,2.7,2.69,2.68,14434.1,-0.01,-0.37,2.712,2.729,2.746,14495.0,11021.5,7382.9,0.25
2020-06-23 09:55:00,2.69,2.71,2.69,2.69,10047.0,0.0,0.0,2.702,2.723,2.741,15019.6,11403.7,7367.55,0.17
2020-06-23 10:00:00,2.69,2.7,2.69,2.69,4643.0,0.0,0.0,2.696,2.718,2.737,12883.8,11503.2,7220.8,0.08
2020-06-23 10:05:00,2.69,2.7,2.69,2.68,8428.0,0.0,0.0,2.692,2.712,2.7335,11536.0,11445.4,7481.9,0.14
2020-06-23 10:10:00,2.69,2.7,2.7,2.68,5549.38,0.01,0.37,2.692,2.707,2.73,8620.3,11486.2,7693.52,0.09
2020-06-23 10:15:00,2.7,2.7,2.69,2.69,2920.0,-0.01,-0.37,2.692,2.702,2.7265,6317.48,10406.2,7744.07,0.05
2020-06-23 10:20:00,2.69,2.7,2.7,2.69,2638.0,0.01,0.37,2.694,2.698,2.7235,4835.68,9927.65,7743.32,0.05
2020-06-23 10:25:00,2.7,2.7,2.7,2.69,3477.0,0.0,0.0,2.696,2.696,2.7205,4602.48,8743.15,7648.12,0.06
2020-06-23 10:30:00,2.69,2.7,2.7,2.69,8527.0,0.01,0.37,2.698,2.695,2.718,4622.28,8079.15,7998.42,0.15
2020-06-23 10:35:00,2.71,2.72,2.7,2.7,6430.0,-0.01,-0.37,2.698,2.695,2.715,4798.4,6709.35,8232.67,0.11
2020-06-23 10:40:00,2.7,2.71,2.7,2.7,4312.04,0.0,0.0,2.7,2.696,2.7125,5076.81,5697.14,8359.33,0.07
2020-06-23 10:45:00,2.71,2.71,2.69,2.69,6786.96,-0.02,-0.74,2.698,2.696,2.7095,5906.6,5371.14,8387.42,0.12
2020-06-23 10:50:00,2.69,2.7,2.69,2.69,4761.0,0.0,0.0,2.696,2.696,2.707,6163.4,5382.94,8443.07,0.08
2020-06-23 10:55:00,2.69,2.71,2.69,2.69,2556.0,0.0,0.0,2.694,2.696,2.704,4969.2,4795.74,8120.57,0.04
2020-06-23 11:00:00,2.69,2.7,2.7,2.69,1146.0,0.01,0.37,2.694,2.696,2.7015,3912.4,4355.4,7920.82,0.02
2020-06-23 11:05:00,2.7,2.71,2.7,2.7,2896.0,0.0,0.0,2.694,2.697,2.6995,3629.19,4353.0,7379.62,0.05
2020-06-23 11:10:00,2.7,2.7,2.69,2.69,1257.0,-0.01,-0.37,2.694,2.696,2.697,2523.2,4214.9,7071.27,0.02
2020-06-23 11:15:00,2.69,2.71,2.71,2.69,4681.0,0.02,0.74,2.698,2.697,2.6965,2507.2,4335.3,6539.22,0.08
2020-06-23 11:20:00,2.7,2.71,2.71,2.69,1493.0,0.01,0.37,2.702,2.698,2.6965,2294.6,3631.9,5855.52,0.03
2020-06-23 11:25:00,2.71,2.71,2.7,2.7,1625.0,-0.01,-0.37,2.702,2.698,2.6965,2390.4,3151.4,4930.37,0.03
2020-06-23 11:30:00,2.7,2.7,2.7,2.69,3717.0,0.0,0.0,2.702,2.698,2.697,2554.6,3091.9,4394.52,0.06
2020-06-23 13:05:00,2.7,2.7,2.69,2.69,5802.0,-0.01,-0.37,2.702,2.698,2.697,3463.6,2993.4,4182.27,0.1
2020-06-23 13:10:00,2.69,2.7,2.69,2.69,4214.0,0.0,0.0,2.698,2.698,2.697,3370.2,2938.7,4160.82,0.07
2020-06-23 13:15:00,2.69,2.7,2.69,2.69,1889.0,0.0,0.0,2.694,2.698,2.697,3449.4,2872.0,3833.87,0.03
2020-06-23 13:20:00,2.69,2.7,2.69,2.69,2396.0,0.0,0.0,2.692,2.697,2.6965,3603.6,2997.0,3676.2,0.04
2020-06-23 13:25:00,2.69,2.7,2.67,2.66,22058.0,-0.02,-0.74,2.686,2.694,2.6955,7271.8,4913.2,4633.1,0.38
2020-06-23 13:30:00,2.67,2.68,2.67,2.66,6096.0,0.0,0.0,2.682,2.692,2.694,7330.6,5397.1,4806.0,0.1
2020-06-23 13:35:00,2.67,2.68,2.68,2.66,4431.0,0.01,0.37,2.68,2.689,2.693,7374.0,5372.1,4853.7,0.08
2020-06-23 13:40:00,2.68,2.68,2.67,2.67,2707.0,-0.01,-0.37,2.676,2.685,2.6915,7537.6,5493.5,4562.7,0.05
2020-06-23 13:45:00,2.67,2.69,2.68,2.67,2201.24,0.01,0.37,2.674,2.683,2.6905,7498.65,5551.12,4351.26,0.04
2020-06-23 13:50:00,2.69,2.69,2.67,2.67,5057.0,-0.02,-0.74,2.674,2.68,2.689,4098.45,5685.12,4388.51,0.09
2020-06-23 13:55:00,2.67,2.68,2.67,2.67,2362.0,0.0,0.0,2.674,2.678,2.688,3351.65,5341.12,4167.26,0.04
2020-06-23 14:00:00,2.67,2.67,2.66,2.66,2647.0,-0.01,-0.37,2.67,2.675,2.6865,2994.85,5184.42,4061.56,0.05
2020-06-23 14:05:00,2.66,2.66,2.64,2.63,25405.0,-0.02,-0.75,2.664,2.67,2.684,7534.45,7536.02,5204.01,0.43
2020-06-23 14:10:00,2.64,2.65,2.65,2.64,6110.0,0.01,0.38,2.658,2.666,2.6815,8316.2,7907.42,5452.21,0.1
2020-06-23 14:15:00,2.65,2.66,2.64,2.64,4533.0,-0.01,-0.38,2.652,2.663,2.6785,8211.4,6154.92,5534.06,0.08
2020-06-23 14:20:00,2.64,2.66,2.65,2.64,8942.0,0.01,0.38,2.648,2.661,2.6765,9527.4,6439.52,5918.31,0.15
2020-06-23 14:25:00,2.66,2.67,2.67,2.65,2919.0,0.01,0.38,2.65,2.66,2.6745,9581.8,6288.32,5830.21,0.05
2020-06-23 14:30:00,2.66,2.67,2.66,2.66,3443.0,0.0,0.0,2.654,2.659,2.672,5189.4,6361.92,5927.71,0.06
2020-06-23 14:35:00,2.67,2.67,2.66,2.65,7376.0,-0.01,-0.37,2.656,2.657,2.67,5442.6,6879.4,6215.26,0.13
2020-06-23 14:40:00,2.66,2.67,2.66,2.65,7069.82,0.0,0.0,2.66,2.656,2.668,5949.96,7080.68,6382.9,0.12
2020-06-23 14:45:00,2.66,2.68,2.68,2.66,4699.0,0.02,0.75,2.666,2.657,2.6675,5101.36,7314.38,6327.75,0.08
2020-06-23 14:50:00,2.67,2.68,2.68,2.66,4857.0,0.01,0.37,2.668,2.659,2.667,5488.96,7535.38,6359.9,0.08
2020-06-23 14:55:00,2.67,2.68,2.67,2.67,8418.0,0.0,0.0,2.67,2.662,2.666,6483.96,5836.68,6686.35,0.14
2020-06-23 15:00:00,2.67,2.68,2.67,2.66,6105.0,0.0,0.0,2.672,2.664,2.665,6229.76,5836.18,6871.8,0.1
2020-06-24 09:35:00,2.67,2.75,2.74,2.67,62249.4,0.07,2.62,2.688,2.674,2.6685,17265.7,11607.8,8881.37,1.07
2020-06-24 09:40:00,2.74,2.8,2.78,2.74,58599.0,0.04,1.46,2.708,2.687,2.674,28045.7,16573.5,11506.5,1.0
2020-06-24 09:45:00,2.78,2.78,2.76,2.75,21904.0,-0.02,-0.72,2.724,2.696,2.678,31455.1,18472.0,12380.2,0.37
2020-06-24 09:50:00,2.77,2.77,2.74,2.74,14022.0,-0.03,-1.08,2.738,2.704,2.6815,32575.9,19529.9,12945.9,0.24
2020-06-24 09:55:00,2.74,2.75,2.73,2.72,13319.0,-0.01,-0.36,2.75,2.711,2.684,34018.7,20124.2,13501.8,0.23
2020-06-24 10:00:00,2.73,2.74,2.74,2.72,5558.0,0.01,0.37,2.75,2.719,2.6875,22680.4,19973.0,13526.9,0.1
2020-06-24 10:05:00,2.74,2.74,2.73,2.72,5866.0,-0.01,-0.36,2.74,2.724,2.6905,12133.8,20089.7,13702.1,0.1
2020-06-24 10:10:00,2.73,2.76,2.75,2.73,8788.0,0.02,0.73,2.738,2.731,2.695,9510.6,20482.8,14009.1,0.15
2020-06-24 10:15:00,2.75,2.75,2.74,2.74,2905.0,-0.01,-0.36,2.738,2.738,2.7,7287.2,19931.5,12884.1,0.05
2020-06-24 10:20:00,2.75,2.75,2.74,2.73,6024.0,-0.01,-0.36,2.74,2.745,2.7045,5828.2,19923.4,12879.8,0.1
2020-06-24 10:25:00,2.73,2.74,2.73,2.72,4128.0,0.0,0.0,2.738,2.744,2.709,5542.2,14111.3,12859.6,0.07
2020-06-24 10:30:00,2.73,2.74,2.71,2.71,8269.0,-0.02,-0.73,2.734,2.737,2.712,6022.8,9078.3,12825.9,0.14
2020-06-24 10:35:00,2.71,2.72,2.72,2.7,4615.0,0.01,0.37,2.728,2.733,2.7145,5188.2,7349.4,12910.7,0.08
2020-06-24 10:40:00,2.72,2.72,2.71,2.71,2463.0,-0.01,-0.37,2.722,2.73,2.717,5099.8,6193.5,12861.7,0.04
2020-06-24 10:45:00,2.72,2.73,2.72,2.71,3200.0,0.0,0.0,2.718,2.729,2.72,4535.0,5181.6,12652.9,0.05
2020-06-24 10:50:00,2.73,2.73,2.72,2.72,3230.0,-0.01,-0.37,2.716,2.727,2.723,4355.4,4948.8,12460.9,0.06
2020-06-24 10:55:00,2.72,2.72,2.71,2.7,2948.0,-0.01,-0.37,2.716,2.725,2.7245,3291.2,4657.0,12373.4,0.05
2020-06-24 11:00:00,2.71,2.72,2.72,2.7,2441.0,0.01,0.37,2.716,2.722,2.7265,2856.4,4022.3,12252.6,0.04
2020-06-24 11:05:00,2.72,2.72,2.71,2.71,1505.0,-0.01,-0.37,2.716,2.719,2.7285,2664.8,3882.3,11906.9,0.03
2020-06-24 11:10:00,2.71,2.72,2.71,2.71,2825.0,0.0,0.0,2.714,2.716,2.7305,2589.8,3562.4,11742.9,0.05
2020-06-24 11:15:00,2.71,2.72,2.71,2.71,2399.0,0.0,0.0,2.712,2.714,2.729,2423.6,3389.5,8750.4,0.04
2020-06-24 11:20:00,2.71,2.72,2.72,2.71,1047.0,0.01,0.37,2.714,2.715,2.726,2043.4,2667.3,5872.8,0.02
2020-06-24 11:25:00,2.72,2.72,2.71,2.71,2302.0,-0.01,-0.37,2.712,2.714,2.7235,2015.6,2436.0,4892.7,0.04
2020-06-24 11:30:00,2.72,2.72,2.71,2.71,1943.0,-0.01,-0.37,2.712,2.714,2.722,2103.2,2384.0,4288.75,0.03
2020-06-24 13:05:00,2.71,2.71,2.71,2.7,3635.0,0.0,0.0,2.712,2.713,2.721,2265.2,2427.5,3804.55,0.06
2020-06-24 13:10:00,2.71,2.71,2.7,2.7,1571.0,-0.01,-0.37,2.71,2.711,2.719,2099.6,2261.6,3605.2,0.03
2020-06-24 13:15:00,2.7,2.71,2.7,2.7,751.0,0.0,0.0,2.706,2.71,2.7175,2040.4,2041.9,3349.45,0.01
2020-06-24 13:20:00,2.7,2.71,2.71,2.7,971.0,0.01,0.37,2.706,2.709,2.7155,1774.2,1894.9,2958.6,0.02
2020-06-24 13:25:00,2.71,2.71,2.71,2.7,1001.0,0.0,0.0,2.706,2.709,2.714,1585.8,1844.5,2863.4,0.02
2020-06-24 13:30:00,2.71,2.71,2.71,2.7,1197.0,0.0,0.0,2.706,2.709,2.7125,1098.2,1681.7,2622.05,0.02
2020-06-24 13:35:00,2.7,2.71,2.7,2.69,4426.0,0.0,0.0,2.706,2.708,2.711,1669.2,1884.4,2636.95,0.08
2020-06-24 13:40:00,2.7,2.71,2.7,2.7,2444.0,0.0,0.0,2.706,2.706,2.7105,2007.8,2024.1,2345.7,0.04
2020-06-24 13:45:00,2.7,2.71,2.7,2.7,679.0,0.0,0.0,2.704,2.705,2.7095,1949.4,1861.8,2148.9,0.01
2020-06-24 13:50:00,2.71,2.71,2.7,2.7,1331.0,-0.01,-0.37,2.702,2.704,2.709,2015.4,1800.6,2092.3,0.02
2020-06-24 13:55:00,2.71,2.71,2.71,2.7,1058.0,0.0,0.0,2.702,2.704,2.7085,1987.6,1542.9,1985.2,0.02
2020-06-24 14:00:00,2.71,2.71,2.7,2.7,3615.0,-0.01,-0.37,2.702,2.704,2.7075,1825.4,1747.3,2004.45,0.06
2020-06-24 14:05:00,2.7,2.71,2.7,2.69,2465.0,0.0,0.0,2.702,2.704,2.707,1829.6,1918.7,1980.3,0.04
2020-06-24 14:10:00,2.7,2.7,2.7,2.69,398.0,0.0,0.0,2.702,2.703,2.706,1773.4,1861.4,1878.15,0.01
2020-06-24 14:15:00,2.69,2.71,2.7,2.69,4358.0,0.01,0.37,2.702,2.702,2.7055,2378.8,2197.1,2020.8,0.07
2020-06-24 14:20:00,2.71,2.71,2.7,2.7,1530.0,-0.01,-0.37,2.7,2.701,2.705,2473.2,2230.4,1956.05,0.03
2020-06-24 14:25:00,2.7,2.71,2.71,2.7,1576.0,0.01,0.37,2.702,2.702,2.705,2065.4,1945.4,1914.9,0.03
2020-06-24 14:30:00,2.71,2.71,2.7,2.7,1014.0,-0.01,-0.37,2.702,2.702,2.704,1775.2,1802.4,1913.25,0.02
2020-06-24 14:35:00,2.7,2.71,2.7,2.7,1874.0,0.0,0.0,2.702,2.702,2.7035,2070.4,1921.9,1891.85,0.03
2020-06-24 14:40:00,2.71,2.71,2.7,2.7,1650.0,-0.01,-0.37,2.702,2.702,2.703,1528.8,1953.8,1877.2,0.03
2020-06-24 14:45:00,2.7,2.71,2.7,2.7,1586.0,0.0,0.0,2.702,2.701,2.7025,1540.0,2006.6,1774.75,0.03
2020-06-24 14:50:00,2.7,2.71,2.71,2.7,8189.0,0.01,0.37,2.702,2.702,2.703,2862.6,2464.0,2105.65,0.14
2020-06-24 14:55:00,2.7,2.72,2.7,2.7,8155.0,0.0,0.0,2.702,2.702,2.703,4290.8,3033.0,2475.85,0.14
2020-06-24 15:00:00,2.71,2.72,2.72,2.71,4707.0,0.01,0.37,2.706,2.704,2.7035,4857.4,3463.9,2662.65,0.08
2020-06-29 09:35:00,2.72,2.72,2.62,2.61,30784.0,-0.1,-3.68,2.69,2.696,2.699,10684.2,6106.5,4151.8,0.53
2020-06-29 09:40:00,2.63,2.63,2.62,2.56,36770.0,-0.01,-0.38,2.674,2.688,2.6945,17721.0,9630.5,5930.45,0.63
2020-06-29 09:45:00,2.62,2.62,2.61,2.6,12588.0,-0.01,-0.38,2.654,2.678,2.69,18600.8,10731.7,6338.55,0.22
2020-06-29 09:50:00,2.61,2.62,2.62,2.61,8721.0,0.01,0.38,2.638,2.67,2.686,18714.0,11502.4,6652.4,0.15
2020-06-29 09:55:00,2.62,2.62,2.62,2.61,4455.0,0.0,0.0,2.618,2.662,2.682,18663.6,11760.5,6841.2,0.08
2020-06-29 10:00:00,2.61,2.61,2.6,2.59,12043.0,-0.01,-0.38,2.614,2.652,2.677,14915.4,12799.8,7376.8,0.21
2020-06-29 10:05:00,2.6,2.61,2.6,2.59,5806.0,0.0,0.0,2.61,2.642,2.6715,8722.6,13221.8,7614.2,0.1
2020-06-29 10:10:00,2.6,2.6,2.6,2.59,7188.0,0.0,0.0,2.608,2.631,2.6665,7642.6,13121.7,7792.85,0.12
2020-06-29 10:15:00,2.59,2.61,2.61,2.59,7489.0,0.02,0.77,2.606,2.622,2.662,7396.2,13055.1,8044.05,0.13
2020-06-29 10:20:00,2.61,2.62,2.6,2.59,8105.0,-0.01,-0.38,2.602,2.61,2.657,8126.2,13394.9,8429.4,0.14
2020-06-29 10:25:00,2.6,2.62,2.62,2.6,4805.0,0.02,0.77,2.606,2.61,2.653,6678.6,10797.0,8451.75,0.08
2020-06-29 10:30:00,2.62,2.62,2.61,2.6,1524.0,-0.01,-0.38,2.608,2.609,2.6485,5822.2,7272.4,8451.45,0.03
2020-06-29 10:35:00,2.61,2.62,2.6,2.6,2485.0,-0.01,-0.38,2.608,2.608,2.643,4881.6,6262.1,8496.9,0.04
2020-06-29 10:40:00,2.61,2.61,2.61,2.59,3704.0,0.0,0.0,2.608,2.607,2.6385,4124.6,5760.4,8631.4,0.06
2020-06-29 10:45:00,2.61,2.61,2.6,2.6,1207.0,-0.01,-0.38,2.608,2.605,2.6335,2745.0,5435.6,8598.05,0.02
2020-06-29 10:50:00,2.6,2.61,2.61,2.59,1871.38,0.01,0.38,2.606,2.606,2.629,2158.28,4418.44,8609.12,0.03
2020-06-29 10:55:00,2.6,2.61,2.61,2.6,1100.0,0.01,0.38,2.606,2.607,2.6245,2073.48,3947.84,8584.82,0.02
2020-06-29 11:00:00,2.61,2.61,2.61,2.59,3335.0,0.0,0.0,2.608,2.608,2.6195,2243.48,3562.54,8342.12,0.06
2020-06-29 11:05:00,2.61,2.61,2.61,2.6,715.0,0.0,0.0,2.608,2.608,2.615,1645.68,2885.14,7970.12,0.01
2020-06-29 11:10:00,2.61,2.61,2.59,2.59,2368.0,-0.02,-0.77,2.606,2.607,2.6085,1877.88,2311.44,7853.17,0.04
2020-06-29 11:15:00,2.59,2.6,2.6,2.59,1472.0,0.01,0.39,2.604,2.605,2.6075,1798.0,1978.14,6387.57,0.03
2020-06-29 11:20:00,2.6,2.6,2.59,2.59,1502.0,-0.01,-0.38,2.6,2.603,2.606,1878.4,1975.94,4624.17,0.03
2020-06-29 11:25:00,2.59,2.6,2.6,2.59,2416.0,0.01,0.39,2.598,2.603,2.6055,1694.6,1969.04,4115.57,0.04
2020-06-29 11:30:00,2.6,2.6,2.6,2.59,1411.0,0.0,0.0,2.596,2.602,2.6045,1833.8,1739.74,3750.07,0.02
2020-06-29 13:05:00,2.6,2.6,2.59,2.59,1209.0,-0.01,-0.38,2.596,2.601,2.603,1602.0,1739.94,3587.77,0.02
2020-06-29 13:10:00,2.59,2.6,2.59,2.59,3192.0,0.0,0.0,2.594,2.599,2.6025,1946.0,1872.0,3145.22,0.05
2020-06-29 13:15:00,2.59,2.6,2.6,2.58,3914.0,0.01,0.39,2.596,2.598,2.6025,2428.4,2153.4,3050.62,0.07
2020-06-29 13:20:00,2.6,2.6,2.6,2.58,4135.0,0.0,0.0,2.596,2.597,2.6025,2772.2,2233.4,2897.97,0.07
2020-06-29 13:25:00,2.6,2.6,2.59,2.58,2423.0,-0.01,-0.38,2.594,2.595,2.6015,2974.6,2404.2,2644.67,0.04
2020-06-29 13:30:00,2.6,2.6,2.59,2.59,1513.2,-0.01,-0.38,2.594,2.595,2.601,3035.44,2318.72,2315.08,0.03
2020-06-29 13:35:00,2.59,2.6,2.59,2.59,1614.0,0.0,0.0,2.594,2.594,2.5995,2719.84,2332.92,2155.53,0.03
2020-06-29 13:40:00,2.59,2.6,2.6,2.59,2957.0,0.01,0.39,2.594,2.595,2.599,2528.44,2478.42,2227.18,0.05
2020-06-29 13:45:00,2.6,2.61,2.6,2.59,3300.0,0.0,0.0,2.594,2.595,2.599,2361.44,2566.82,2267.93,0.06
2020-06-29 13:50:00,2.6,2.65,2.64,2.6,13847.4,0.04,1.54,2.604,2.599,2.6005,4646.32,3810.46,2775.1,0.24
2020-06-29 13:55:00,2.64,2.65,2.63,2.62,3938.0,-0.01,-0.38,2.612,2.603,2.602,5131.28,4083.36,2911.65,0.07
2020-06-29 14:00:00,2.63,2.64,2.64,2.63,2047.0,0.01,0.38,2.622,2.608,2.6035,5217.88,3968.86,2920.43,0.04
2020-06-29 14:05:00,2.64,2.64,2.64,2.63,1706.0,0.0,0.0,2.63,2.612,2.605,4967.68,3748.06,2950.73,0.03
2020-06-29 14:10:00,2.64,2.64,2.63,2.63,1264.0,-0.01,-0.38,2.636,2.615,2.606,4560.48,3460.96,2847.18,0.02
2020-06-29 14:15:00,2.63,2.63,2.63,2.62,2727.0,0.0,0.0,2.634,2.619,2.607,2336.4,3491.36,2947.78,0.05
2020-06-29 14:20:00,2.63,2.63,2.62,2.62,1262.0,-0.01,-0.38,2.632,2.622,2.6085,1801.2,3466.24,2892.48,0.02
2020-06-29 14:25:00,2.62,2.63,2.62,2.62,1436.0,0.0,0.0,2.628,2.625,2.6095,1679.0,3448.44,2890.68,0.02
2020-06-29 14:30:00,2.62,2.63,2.63,2.62,3110.0,0.01,0.38,2.626,2.628,2.6115,1959.8,3463.74,2971.08,0.05
2020-06-29 14:35:00,2.63,2.63,2.63,2.62,2012.0,0.0,0.0,2.626,2.631,2.613,2109.4,3334.94,2950.88,0.03
2020-06-29 14:40:00,2.63,2.63,2.61,2.61,2820.0,-0.02,-0.76,2.622,2.628,2.6135,2128.0,2232.2,3021.33,0.05
2020-06-29 14:45:00,2.61,2.63,2.62,2.61,6799.0,0.01,0.38,2.622,2.627,2.615,3235.4,2518.3,3300.83,0.12
2020-06-29 14:50:00,2.62,2.63,2.63,2.62,2883.0,0.01,0.38,2.624,2.626,2.617,3524.8,2601.9,3285.38,0.05
2020-06-29 14:55:00,2.63,2.63,2.62,2.62,4105.0,-0.01,-0.38,2.622,2.624,2.618,3723.8,2841.8,3294.93,0.07
2020-06-29 15:00:00,2.63,2.63,2.62,2.62,2372.0,-0.01,-0.38,2.62,2.623,2.619,3795.8,2952.6,3206.78,0.04
2020-06-30 09:35:00,2.69,2.75,2.74,2.69,64632.4,0.05,1.86,2.646,2.634,2.6265,16158.3,9143.14,6317.25,1.11
2020-06-30 09:40:00,2.73,2.83,2.77,2.73,63839.4,0.04,1.47,2.676,2.649,2.6355,27566.4,15400.9,9433.56,1.09
2020-06-30 09:45:00,2.78,2.79,2.77,2.75,23440.0,-0.01,-0.36,2.704,2.664,2.6445,31677.8,17601.3,10524.9,0.4
2020-06-30 09:50:00,2.76,2.77,2.75,2.75,10697.0,-0.01,-0.36,2.73,2.676,2.652,32996.2,18360.0,10911.9,0.18
2020-06-30 09:55:00,2.74,2.77,2.76,2.74,15391.0,0.02,0.73,2.758,2.689,2.66,35600.0,19697.9,11516.4,0.26
2020-06-30 10:00:00,2.76,2.77,2.75,2.75,9526.0,-0.01,-0.36,2.76,2.703,2.6655,24578.7,20368.5,11300.3,0.16
2020-06-30 10:05:00,2.75,2.77,2.76,2.75,7186.0,0.01,0.36,2.758,2.717,2.672,13248.0,20407.2,11462.7,0.12
2020-06-30 10:10:00,2.75,2.77,2.77,2.75,4757.0,0.02,0.73,2.758,2.731,2.6785,9511.4,20594.6,11598.2,0.08
2020-06-30 10:15:00,2.77,2.77,2.76,2.76,7061.0,-0.01,-0.36,2.76,2.745,2.6845,8784.2,20890.2,11866.0,0.12
2020-06-30 10:20:00,2.76,2.77,2.75,2.75,2802.0,-0.01,-0.36,2.758,2.758,2.6905,6266.4,20933.2,11942.9,0.05
2020-06-30 10:25:00,2.76,2.76,2.75,2.75,2879.0,-0.01,-0.36,2.758,2.759,2.6965,4937.0,14757.8,11950.5,0.05
2020-06-30 10:30:00,2.76,2.76,2.75,2.75,3985.0,-0.01,-0.36,2.756,2.757,2.703,4296.8,8772.4,12086.6,0.07
2020-06-30 10:35:00,2.75,2.76,2.74,2.74,2929.6,-0.01,-0.36,2.75,2.754,2.709,3931.32,6721.36,12161.3,0.05
2020-06-30 10:40:00,2.74,2.75,2.74,2.74,2146.0,0.0,0.0,2.746,2.753,2.7145,2948.32,5866.26,12113.1,0.04
2020-06-30 10:45:00,2.74,2.75,2.74,2.74,1919.0,0.0,0.0,2.744,2.751,2.72,2771.72,4519.06,12108.5,0.03
2020-06-30 10:50:00,2.74,2.74,2.74,2.73,3424.4,0.0,0.0,2.742,2.75,2.7265,2880.8,3908.9,12138.7,0.06
2020-06-30 10:55:00,2.73,2.75,2.75,2.73,7442.6,0.02,0.73,2.742,2.749,2.733,3572.32,3934.56,12170.9,0.13
2020-06-30 11:00:00,2.75,2.75,2.74,2.74,2390.0,-0.01,-0.36,2.742,2.746,2.7385,3464.4,3697.86,12146.2,0.04
2020-06-30 11:05:00,2.74,2.75,2.74,2.74,2503.0,0.0,0.0,2.742,2.744,2.7445,3535.8,3242.06,12066.1,0.04
2020-06-30 11:10:00,2.74,2.74,2.74,2.73,1087.0,0.0,0.0,2.742,2.743,2.7505,3369.4,3070.56,12001.9,0.02
2020-06-30 11:15:00,2.74,2.74,2.74,2.73,1117.0,0.0,0.0,2.742,2.742,2.7505,2907.92,2894.36,8826.1,0.02
2020-06-30 11:20:00,2.74,2.74,2.73,2.73,3659.0,-0.01,-0.36,2.738,2.74,2.7485,2151.2,2861.76,5817.08,0.06
2020-06-30 11:25:00,2.73,2.74,2.74,2.73,797.0,0.01,0.37,2.738,2.74,2.747,1832.6,2648.5,4684.93,0.01
2020-06-30 11:30:00,2.74,2.75,2.74,2.73,2864.0,0.0,0.0,2.738,2.74,2.7465,1904.8,2720.3,4293.28,0.05
2020-06-30 13:05:00,2.74,2.75,2.74,2.74,1291.0,0.0,0.0,2.738,2.74,2.7455,1945.6,2657.5,3588.28,0.02
2020-06-30 13:10:00,2.74,2.75,2.75,2.74,932.0,0.01,0.36,2.74,2.741,2.7455,1908.6,2408.26,3158.58,0.02
2020-06-30 13:15:00,2.74,2.75,2.74,2.74,3828.0,0.0,0.0,2.742,2.74,2.7445,1942.4,2046.8,2990.68,0.07
2020-06-30 13:20:00,2.74,2.75,2.75,2.73,2163.0,0.01,0.36,2.744,2.741,2.7435,2215.6,2024.1,2860.98,0.04
2020-06-30 13:25:00,2.75,2.75,2.75,2.74,1793.0,0.0,0.0,2.746,2.742,2.743,2001.4,1953.1,2597.58,0.03
2020-06-30 13:30:00,2.75,2.75,2.75,2.74,1990.0,0.0,0.0,2.748,2.743,2.743,2141.2,2043.4,2556.98,0.03
2020-06-30 13:35:00,2.74,2.75,2.74,2.74,850.0,0.0,0.0,2.746,2.743,2.7425,2124.8,2016.7,2455.53,0.01
2020-06-30 13:40:00,2.74,2.75,2.74,2.74,914.0,0.0,0.0,2.746,2.744,2.742,1542.0,1742.2,2301.98,0.02
2020-06-30 13:45:00,2.74,2.75,2.74,2.73,5043.0,0.0,0.0,2.744,2.744,2.742,2118.0,2166.8,2407.65,0.09
2020-06-30 13:50:00,2.74,2.74,2.74,2.73,835.0,0.0,0.0,2.742,2.744,2.742,1926.4,1963.9,2342.1,0.01
2020-06-30 13:55:00,2.74,2.74,2.74,2.73,3413.0,0.0,0.0,2.74,2.744,2.742,2211.0,2176.1,2416.8,0.06
2020-06-30 14:00:00,2.74,2.74,2.73,2.73,760.0,-0.01,-0.36,2.738,2.742,2.7415,2193.0,2158.9,2283.58,0.01
2020-06-30 14:05:00,2.73,2.74,2.73,2.73,1341.0,0.0,0.0,2.736,2.741,2.7405,2278.4,1910.2,1978.5,0.02
2020-06-30 14:10:00,2.73,2.74,2.73,2.73,1943.0,0.0,0.0,2.734,2.739,2.74,1658.4,1888.2,1956.15,0.03
2020-06-30 14:15:00,2.74,2.74,2.73,2.73,9896.0,-0.01,-0.36,2.732,2.737,2.7395,3470.6,2698.5,2325.8,0.17
2020-06-30 14:20:00,2.73,2.73,2.73,2.72,3212.0,0.0,0.0,2.73,2.735,2.739,3430.4,2820.7,2432.05,0.05
2020-06-30 14:25:00,2.72,2.73,2.72,2.72,1593.0,0.0,0.0,2.728,2.733,2.738,3597.0,2895.0,2455.85,0.03
2020-06-30 14:30:00,2.72,2.73,2.73,2.72,2291.0,0.01,0.37,2.728,2.732,2.738,3787.0,3032.7,2387.45,0.04
2020-06-30 14:35:00,2.73,2.74,2.73,2.73,4977.0,0.0,0.0,2.728,2.731,2.7375,4393.8,3026.1,2596.45,0.09
2020-06-30 14:40:00,2.73,2.74,2.74,2.73,1969.0,0.01,0.37,2.73,2.731,2.7375,2808.4,3139.5,2551.7,0.03
2020-06-30 14:45:00,2.73,2.74,2.74,2.73,3771.0,0.01,0.37,2.732,2.731,2.7375,2920.2,3175.3,2675.7,0.06
2020-06-30 14:50:00,2.74,2.75,2.75,2.74,7293.0,0.01,0.36,2.738,2.733,2.7375,4060.2,3828.6,2993.75,0.12
2020-06-30 14:55:00,2.75,2.76,2.75,2.74,14467.0,0.0,0.0,2.742,2.735,2.738,6495.4,5141.2,3525.7,0.25
2020-06-30 15:00:00,2.76,2.76,2.75,2.75,5083.0,-0.01,-0.36,2.746,2.737,2.738,6516.6,5455.2,3671.7,0.09
2020-07-01 09:35:00,2.68,2.73,2.71,2.68,47663.0,0.03,1.12,2.74,2.735,2.736,15655.4,9231.9,5965.2,0.82
2020-07-01 09:40:00,2.71,2.71,2.7,2.68,15056.0,-0.01,-0.37,2.732,2.732,2.7335,17912.4,10416.3,6618.5,0.26
2020-07-01 09:45:00,2.7,2.76,2.75,2.7,12384.0,0.05,1.85,2.732,2.735,2.734,18930.6,11495.4,7195.2,0.21
2020-07-01 09:50:00,2.74,2.77,2.76,2.74,19409.6,0.02,0.73,2.734,2.738,2.735,19919.1,13207.3,8119.98,0.33
2020-07-01 09:55:00,2.76,2.79,2.78,2.76,19455.0,0.02,0.72,2.74,2.743,2.737,22793.5,14655.1,8840.58,0.33
2020-07-01 10:00:00,2.77,2.78,2.77,2.75,11417.0,0.0,0.0,2.752,2.746,2.7385,15544.3,15599.9,9369.68,0.2
2020-07-01 10:05:00,2.77,2.78,2.75,2.75,10226.0,-0.02,-0.72,2.762,2.747,2.739,14578.3,16245.4,9710.33,0.18
2020-07-01 10:10:00,2.76,2.76,2.74,2.74,9257.0,-0.02,-0.72,2.76,2.746,2.7395,13952.9,16441.8,10135.2,0.16
2020-07-01 10:15:00,2.74,2.75,2.74,2.73,4156.0,0.0,0.0,2.756,2.745,2.74,10902.2,15410.7,10275.9,0.07
2020-07-01 10:20:00,2.74,2.75,2.74,2.73,7274.0,0.0,0.0,2.748,2.744,2.7405,8466.0,15629.8,10542.5,0.12
2020-07-01 10:25:00,2.74,2.75,2.73,2.73,3831.0,-0.01,-0.36,2.74,2.746,2.7405,6948.8,11246.6,10239.2,0.07
2020-07-01 10:30:00,2.73,2.74,2.73,2.73,3623.0,0.0,0.0,2.736,2.749,2.7405,5628.2,10103.3,10259.8,0.06
2020-07-01 10:35:00,2.73,2.74,2.74,2.73,2103.0,0.01,0.37,2.736,2.748,2.7415,4197.4,9075.16,10285.3,0.04
2020-07-01 10:40:00,2.74,2.74,2.72,2.71,10700.0,-0.02,-0.73,2.732,2.744,2.741,5506.2,8204.2,10705.7,0.18
2020-07-01 10:45:00,2.72,2.73,2.72,2.72,3269.0,0.0,0.0,2.728,2.738,2.7405,4705.2,6585.6,10620.3,0.06
2020-07-01 10:50:00,2.72,2.73,2.72,2.72,2882.0,0.0,0.0,2.726,2.733,2.7395,4515.4,5732.1,10666.0,0.05
2020-07-01 10:55:00,2.73,2.74,2.73,2.72,1840.0,0.0,0.0,2.726,2.731,2.739,4158.8,4893.5,10569.4,0.03
2020-07-01 11:00:00,2.73,2.74,2.73,2.72,2130.0,0.0,0.0,2.724,2.73,2.738,4164.2,4180.8,10311.3,0.04
2020-07-01 11:05:00,2.74,2.74,2.73,2.72,2084.0,-0.01,-0.36,2.726,2.729,2.737,2441.0,3973.6,9692.13,0.04
2020-07-01 11:10:00,2.72,2.73,2.73,2.72,3110.0,0.01,0.37,2.728,2.728,2.736,2409.2,3557.2,9593.48,0.05
2020-07-01 11:15:00,2.72,2.74,2.73,2.72,3518.0,0.01,0.37,2.73,2.728,2.737,2536.4,3525.9,7386.23,0.06
2020-07-01 11:20:00,2.73,2.74,2.73,2.72,1861.0,0.0,0.0,2.73,2.728,2.7385,2540.6,3349.7,6726.48,0.03
2020-07-01 11:25:00,2.73,2.74,2.73,2.73,830.0,0.0,0.0,2.73,2.727,2.7375,2280.6,3222.4,6148.78,0.01
2020-07-01 11:30:00,2.73,2.74,2.74,2.73,1185.0,0.01,0.37,2.732,2.729,2.7365,2100.8,2270.9,5237.55,0.02
2020-07-01 13:05:00,2.74,2.74,2.74,2.73,3856.0,0.0,0.0,2.734,2.731,2.7345,2250.0,2329.6,4457.6,0.07
2020-07-01 13:10:00,2.74,2.74,2.73,2.73,1753.0,-0.01,-0.36,2.734,2.732,2.7325,1897.0,2216.7,3974.4,0.03
2020-07-01 13:15:00,2.73,2.73,2.72,2.72,3745.0,-0.01,-0.37,2.732,2.731,2.731,2273.8,2407.2,3650.35,0.06
2020-07-01 13:20:00,2.73,2.73,2.72,2.72,2955.0,-0.01,-0.37,2.73,2.73,2.73,2698.8,2489.7,3335.25,0.05
2020-07-01 13:25:00,2.72,2.73,2.72,2.72,3696.0,0.0,0.0,2.726,2.729,2.729,3201.0,2650.9,3312.25,0.06
2020-07-01 13:30:00,2.72,2.73,2.72,2.72,1439.0,0.0,0.0,2.722,2.728,2.728,2717.6,2483.8,3020.5,0.02
2020-07-01 13:35:00,2.72,2.73,2.72,2.72,5059.0,0.0,0.0,2.72,2.727,2.7275,3378.8,2637.9,3081.9,0.09
2020-07-01 13:40:00,2.72,2.72,2.7,2.7,4082.0,-0.02,-0.74,2.716,2.724,2.726,3446.2,2860.0,3104.85,0.07
2020-07-01 13:45:00,2.71,2.71,2.69,2.69,5585.0,-0.02,-0.74,2.71,2.72,2.7235,3972.2,3335.5,3278.95,0.1
2020-07-01 13:50:00,2.7,2.71,2.7,2.7,4776.0,0.0,0.0,2.706,2.716,2.7225,4188.2,3694.6,2982.75,0.08
2020-07-01 13:55:00,2.71,2.71,2.7,2.7,943.0,-0.01,-0.37,2.702,2.712,2.7215,4089.0,3403.3,2866.45,0.02
2020-07-01 14:00:00,2.7,2.71,2.7,2.7,1448.0,0.0,0.0,2.698,2.709,2.7205,3366.8,3372.8,2794.75,0.02
2020-07-01 14:05:00,2.7,2.71,2.71,2.7,1283.0,0.01,0.37,2.7,2.708,2.7195,2807.0,3126.6,2766.9,0.02
2020-07-01 14:10:00,2.71,2.71,2.7,2.7,754.0,-0.01,-0.37,2.702,2.706,2.718,1840.8,2906.5,2698.1,0.01
2020-07-01 14:15:00,2.7,2.71,2.7,2.69,1998.0,0.0,0.0,2.702,2.704,2.7165,1285.2,2736.7,2693.8,0.03
2020-07-01 14:20:00,2.7,2.71,2.71,2.69,4665.42,0.01,0.37,2.704,2.703,2.7155,2029.68,3059.34,2771.57,0.08
2020-07-01 14:25:00,2.7,2.72,2.71,2.69,4266.0,0.01,0.37,2.706,2.702,2.7145,2593.28,2980.04,2808.97,0.07
2020-07-01 14:30:00,2.71,2.72,2.71,2.7,2556.0,0.0,0.0,2.706,2.703,2.7135,2847.88,2827.44,2843.72,0.04
2020-07-01 14:35:00,2.71,2.71,2.7,2.7,1968.0,-0.01,-0.37,2.706,2.704,2.712,3090.68,2465.74,2900.62,0.03
2020-07-01 14:40:00,2.7,2.72,2.71,2.7,5081.0,0.01,0.37,2.708,2.705,2.7105,3707.28,2496.24,3095.42,0.09
2020-07-01 14:45:00,2.71,2.73,2.73,2.71,6256.0,0.02,0.74,2.712,2.708,2.71,4025.4,3027.54,3215.42,0.11
2020-07-01 14:50:00,2.73,2.74,2.74,2.72,8932.0,0.01,0.37,2.718,2.712,2.7105,4958.6,3775.94,3574.37,0.15
2020-07-01 14:55:00,2.73,2.74,2.73,2.73,4654.0,0.0,0.0,2.722,2.714,2.711,5378.2,4113.04,3619.82,0.08
2020-07-01 15:00:00,2.73,2.74,2.74,2.73,4193.0,0.01,0.37,2.73,2.718,2.712,5823.2,4456.94,3681.72,0.07
2020-07-02 09:35:00,2.72,2.77,2.76,2.72,27997.0,0.04,1.47,2.74,2.724,2.714,10406.4,7056.84,4896.77,0.48
2020-07-02 09:40:00,2.76,2.77,2.77,2.75,18047.0,0.01,0.36,2.748,2.73,2.7165,12764.6,8395.0,5727.17,0.31
2020-07-02 09:45:00,2.76,2.87,2.85,2.76,68622.0,0.09,3.26,2.77,2.744,2.723,24702.6,14830.6,8905.32,1.17
2020-07-02 09:50:00,2.85,2.94,2.94,2.84,61868.4,0.09,3.16,2.812,2.767,2.735,36145.5,20761.8,11794.6,1.06
2020-07-02 09:55:00,2.94,2.94,2.89,2.88,44546.0,-0.05,-1.7,2.842,2.786,2.745,44216.1,25019.6,13742.7,0.76
2020-07-02 10:00:00,2.89,2.89,2.89,2.86,14507.0,0.0,0.0,2.868,2.804,2.7545,41518.1,25962.2,14229.2,0.25
2020-07-02 10:05:00,2.88,2.89,2.89,2.87,9539.0,0.01,0.35,2.892,2.82,2.764,39816.5,26290.5,14659.0,0.16
2020-07-02 10:10:00,2.89,2.89,2.87,2.87,9335.0,-0.02,-0.69,2.896,2.833,2.7725,27959.1,26330.8,15053.4,0.16
2020-07-02 10:15:00,2.86,2.87,2.85,2.83,16505.0,-0.01,-0.35,2.878,2.845,2.7795,18886.4,27515.9,15814.5,0.28
2020-07-02 10:20:00,2.85,2.86,2.85,2.85,3733.0,0.0,0.0,2.87,2.856,2.787,10723.8,27469.9,15963.4,0.06
2020-07-02 10:25:00,2.86,2.86,2.85,2.84,8064.0,-0.01,-0.35,2.862,2.865,2.7945,9435.2,25476.6,16266.7,0.14
2020-07-02 10:30:00,2.85,2.87,2.87,2.85,4675.0,0.02,0.7,2.858,2.875,2.8025,8462.4,24139.4,16267.2,0.08
2020-07-02 10:35:00,2.87,2.88,2.86,2.86,7176.0,-0.01,-0.35,2.856,2.876,2.81,8030.6,17994.8,16412.7,0.12
2020-07-02 10:40:00,2.86,2.87,2.86,2.85,2181.0,0.0,0.0,2.858,2.868,2.8175,5165.8,12026.1,16394.0,0.04
2020-07-02 10:45:00,2.86,2.86,2.86,2.85,2657.0,0.0,0.0,2.86,2.865,2.8255,4950.6,7837.2,16428.4,0.05
2020-07-02 10:50:00,2.86,2.87,2.86,2.85,5708.0,0.0,0.0,2.862,2.862,2.833,4479.4,6957.3,16459.8,0.1
2020-07-02 10:55:00,2.86,2.87,2.86,2.86,2200.0,0.0,0.0,2.86,2.859,2.8395,3984.4,6223.4,16257.0,0.04
2020-07-02 11:00:00,2.86,2.87,2.86,2.86,1598.0,0.0,0.0,2.86,2.858,2.8455,2868.8,5449.7,15890.3,0.03
2020-07-02 11:05:00,2.86,2.87,2.87,2.86,1744.0,0.01,0.35,2.862,2.86,2.8525,2781.4,3973.6,15744.8,0.03
2020-07-02 11:10:00,2.87,2.87,2.86,2.86,2155.0,-0.01,-0.35,2.862,2.861,2.8585,2681.0,3815.8,15642.9,0.04
2020-07-02 11:15:00,2.86,2.87,2.85,2.85,4134.0,-0.01,-0.35,2.86,2.861,2.863,2366.2,3422.8,14449.7,0.07
2020-07-02 11:20:00,2.85,2.86,2.85,2.85,1799.0,0.0,0.0,2.858,2.859,2.867,2286.0,3135.2,13637.3,0.03
2020-07-02 11:25:00,2.85,2.86,2.85,2.84,6314.0,0.0,0.0,2.856,2.858,2.867,3229.2,3049.0,10521.9,0.11
2020-07-02 11:30:00,2.84,2.85,2.85,2.83,3570.0,0.01,0.35,2.852,2.857,2.8625,3594.4,3187.9,7607.0,0.06
2020-07-02 13:05:00,2.85,2.87,2.86,2.85,7751.02,0.01,0.35,2.852,2.857,2.861,4713.6,3697.3,5767.25,0.13
2020-07-02 13:10:00,2.86,2.86,2.85,2.85,981.04,-0.01,-0.35,2.852,2.856,2.859,4083.01,3224.61,5090.95,0.02
2020-07-02 13:15:00,2.85,2.86,2.86,2.85,2300.0,0.01,0.35,2.854,2.856,2.8575,4183.21,3234.61,4729.0,0.04
2020-07-02 13:20:00,2.86,2.86,2.84,2.84,3393.0,-0.02,-0.7,2.852,2.854,2.856,3599.01,3414.11,4431.9,0.06
2020-07-02 13:25:00,2.85,2.85,2.84,2.84,2441.0,-0.01,-0.35,2.85,2.851,2.8555,3373.21,3483.81,3728.7,0.04
2020-07-02 13:30:00,2.85,2.85,2.84,2.84,2134.0,-0.01,-0.35,2.846,2.849,2.855,2249.81,3481.71,3648.75,0.04
2020-07-02 13:35:00,2.84,2.84,2.83,2.82,8557.0,-0.01,-0.35,2.842,2.847,2.854,3765.0,3924.01,3673.4,0.15
2020-07-02 13:40:00,2.82,2.84,2.83,2.82,3550.0,0.01,0.35,2.836,2.845,2.852,4015.0,4099.11,3617.15,0.06
2020-07-02 13:45:00,2.83,2.84,2.83,2.82,2359.0,0.0,0.0,2.834,2.843,2.8505,3808.2,3703.61,3376.3,0.04
2020-07-02 13:50:00,2.83,2.84,2.83,2.83,1371.0,0.0,0.0,2.832,2.841,2.849,3594.2,3483.71,3335.8,0.02
2020-07-02 13:55:00,2.83,2.84,2.83,2.82,2800.0,0.0,0.0,2.83,2.838,2.8475,3727.4,2988.6,3342.95,0.05
2020-07-02 14:00:00,2.83,2.84,2.83,2.82,4479.0,0.0,0.0,2.83,2.836,2.846,2911.8,3338.4,3281.5,0.08
2020-07-02 14:05:00,2.83,2.84,2.83,2.82,2531.0,0.0,0.0,2.83,2.833,2.8445,2708.0,3361.5,3298.05,0.04
2020-07-02 14:10:00,2.83,2.83,2.82,2.82,3943.0,-0.01,-0.35,2.828,2.831,2.8425,3024.8,3416.5,3415.3,0.07
2020-07-02 14:15:00,2.83,2.83,2.82,2.82,2158.0,-0.01,-0.35,2.826,2.829,2.84,3182.2,3388.2,3436.0,0.04
2020-07-02 14:20:00,2.82,2.83,2.83,2.82,5492.0,0.01,0.35,2.826,2.828,2.8385,3720.6,3724.0,3602.85,0.09
2020-07-02 14:25:00,2.83,2.84,2.83,2.83,3343.0,0.0,0.0,2.826,2.828,2.8375,3493.4,3202.6,3563.3,0.06
2020-07-02 14:30:00,2.84,2.85,2.84,2.83,2253.0,0.0,0.0,2.828,2.829,2.837,3437.8,3072.9,3586.0,0.04
2020-07-02 14:35:00,2.84,2.86,2.86,2.84,5832.0,0.02,0.7,2.836,2.832,2.8375,3815.6,3420.2,3561.9,0.1
2020-07-02 14:40:00,2.86,2.87,2.86,2.85,9196.0,0.0,0.0,2.844,2.835,2.838,5223.2,4202.7,3843.2,0.16
2020-07-02 14:45:00,2.86,2.87,2.86,2.85,6959.0,0.0,0.0,2.85,2.838,2.838,5516.6,4618.6,3803.6,0.12
2020-07-02 14:50:00,2.86,2.87,2.86,2.86,4461.0,0.0,0.0,2.856,2.841,2.8385,5740.2,4616.8,3977.6,0.08
2020-07-02 14:55:00,2.86,2.88,2.87,2.86,9502.0,0.01,0.35,2.862,2.845,2.839,7190.0,5313.9,4337.7,0.16
2020-07-02 15:00:00,2.87,2.88,2.86,2.86,8906.0,-0.01,-0.35,2.862,2.849,2.84,7804.8,5810.2,4613.35,0.15
2020-07-03 09:35:00,2.88,3.16,3.16,2.88,124661.0,0.28,9.72,2.922,2.883,2.856,30897.8,18060.5,10724.4,2.13
2020-07-03 09:40:00,3.16,3.16,3.16,3.16,13691.0,0.0,0.0,2.982,2.916,2.872,32244.2,18880.4,11302.2,0.23
2020-07-03 09:45:00,3.16,3.16,3.16,3.16,3686.0,0.0,0.0,3.042,2.949,2.8885,32089.2,18914.7,11058.6,0.06
2020-07-03 09:50:00,3.16,3.16,3.16,3.16,3140.0,0.0,0.0,3.1,2.981,2.905,30816.8,19003.4,11038.2,0.05
2020-07-03 09:55:00,3.16,3.16,3.16,3.16,4988.0,0.0,0.0,3.16,3.011,2.9215,30033.2,18919.0,11169.6,0.09
2020-07-03 10:00:00,3.16,3.16,3.16,3.16,2089.0,0.0,0.0,3.16,3.041,2.938,5518.8,18208.3,11205.5,0.04
2020-07-03 10:05:00,3.16,3.16,3.16,3.16,2743.0,0.0,0.0,3.16,3.071,2.9545,3329.2,17786.7,11202.6,0.05
2020-07-03 10:10:00,3.16,3.16,3.16,3.16,1391.0,0.0,0.0,3.16,3.101,2.971,2870.2,17479.7,11048.2,0.02
2020-07-03 10:15:00,3.16,3.16,3.16,3.16,601.0,0.0,0.0,3.16,3.13,2.9875,2362.4,16589.6,10951.8,0.01
2020-07-03 10:20:00,3.16,3.16,3.16,3.16,285.0,0.0,0.0,3.16,3.16,3.0045,1421.8,15727.5,10768.8,0.0
2020-07-03 10:25:00,3.16,3.16,3.16,3.16,550.0,0.0,0.0,3.16,3.16,3.0215,1114.0,3316.4,10688.4,0.01
2020-07-03 10:30:00,3.16,3.16,3.16,3.16,555.0,0.0,0.0,3.16,3.16,3.038,676.4,2002.8,10441.6,0.01
2020-07-03 10:35:00,3.16,3.16,3.16,3.16,1008.0,0.0,0.0,3.16,3.16,3.0545,599.8,1735.0,10324.8,0.02
2020-07-03 10:40:00,3.16,3.16,3.16,3.16,372.0,0.0,0.0,3.16,3.16,3.0705,554.0,1458.2,10230.8,0.01
2020-07-03 10:45:00,3.16,3.16,3.16,3.16,427.0,0.0,0.0,3.16,3.16,3.0855,582.4,1002.1,9960.55,0.01
2020-07-03 10:50:00,3.16,3.16,3.16,3.16,280.0,0.0,0.0,3.16,3.16,3.1005,528.4,821.2,9514.75,0.0
2020-07-03 10:55:00,3.16,3.16,3.16,3.16,104.0,0.0,0.0,3.16,3.16,3.1155,438.2,557.3,9172.0,0.0
2020-07-03 11:00:00,3.16,3.16,3.16,3.16,884.0,0.0,0.0,3.16,3.16,3.1305,413.4,506.6,8993.15,0.02
2020-07-03 11:05:00,3.16,3.16,3.16,3.16,480.0,0.0,0.0,3.16,3.16,3.145,435.0,494.5,8542.05,0.01
2020-07-03 11:10:00,3.16,3.16,3.16,3.16,98.0,0.0,0.0,3.16,3.16,3.16,369.2,475.8,8101.65,0.0
2020-07-03 11:15:00,3.16,3.16,3.16,3.16,760.0,0.0,0.0,3.16,3.16,3.16,465.2,496.8,1906.6,0.01
2020-07-03 11:20:00,3.16,3.16,3.16,3.16,60.0,0.0,0.0,3.16,3.16,3.16,456.4,447.3,1225.05,0.0
2020-07-03 11:25:00,3.16,3.16,3.16,3.16,198.0,0.0,0.0,3.16,3.16,3.16,319.2,366.3,1050.65,0.0
2020-07-03 11:30:00,3.16,3.16,3.16,3.16,214.0,0.0,0.0,3.16,3.16,3.16,266.0,350.5,904.35,0.0
2020-07-03 13:05:00,3.16,3.16,3.16,3.16,554.0,0.0,0.0,3.16,3.16,3.16,357.2,363.2,682.65,0.01
2020-07-03 13:10:00,3.16,3.16,3.16,3.16,469.0,0.0,0.0,3.16,3.16,3.16,299.0,382.1,601.65,0.01
2020-07-03 13:15:00,3.16,3.16,3.16,3.16,399.0,0.0,0.0,3.16,3.16,3.16,366.8,411.6,484.45,0.01
2020-07-03 13:20:00,3.16,3.16,3.16,3.16,82.0,0.0,0.0,3.16,3.16,3.16,343.6,331.4,419.0,0.0
2020-07-03 13:25:00,3.16,3.16,3.16,3.16,19.0,0.0,0.0,3.16,3.16,3.16,304.6,285.3,389.9,0.0
2020-07-03 13:30:00,3.16,3.16,3.16,3.16,26.0,0.0,0.0,3.16,3.16,3.16,199.0,278.1,376.95,0.0
2020-07-03 13:35:00,3.16,3.16,3.16,3.16,167.0,0.0,0.0,3.16,3.16,3.16,138.6,218.8,357.8,0.0
2020-07-03 13:40:00,3.16,3.16,3.16,3.16,149.0,0.0,0.0,3.16,3.16,3.16,88.6,227.7,337.5,0.0
2020-07-03 13:45:00,3.16,3.16,3.16,3.16,365.0,0.0,0.0,3.16,3.16,3.16,145.2,244.4,305.35,0.01
2020-07-03 13:50:00,3.16,3.16,3.16,3.16,133.0,0.0,0.0,3.16,3.16,3.16,168.0,236.3,293.4,0.0
2020-07-03 13:55:00,3.16,3.16,3.16,3.16,167.0,0.0,0.0,3.16,3.16,3.16,196.2,197.6,280.4,0.0
2020-07-03 14:00:00,3.16,3.16,3.16,3.16,51.0,0.0,0.0,3.16,3.16,3.16,173.0,155.8,268.95,0.0
2020-07-03 14:05:00,3.16,3.16,3.16,3.16,160.0,0.0,0.0,3.16,3.16,3.16,175.2,131.9,271.75,0.0
2020-07-03 14:10:00,3.16,3.16,3.16,3.16,159.0,0.0,0.0,3.16,3.16,3.16,134.0,139.6,235.5,0.0
2020-07-03 14:15:00,3.16,3.16,3.16,3.16,85.0,0.0,0.0,3.16,3.16,3.16,124.4,146.2,215.75,0.0
2020-07-03 14:20:00,3.16,3.16,3.16,3.16,17.0,0.0,0.0,3.16,3.16,3.16,94.4,145.3,211.7,0.0
2020-07-03 14:25:00,3.16,3.16,3.16,3.16,89.0,0.0,0.0,3.16,3.16,3.16,102.0,137.5,178.15,0.0
2020-07-03 14:30:00,3.16,3.16,3.16,3.16,186.0,0.0,0.0,3.16,3.16,3.16,107.2,141.2,184.45,0.0
2020-07-03 14:35:00,3.16,3.16,3.16,3.16,36.0,0.0,0.0,3.16,3.16,3.16,82.6,108.3,176.35,0.0
2020-07-03 14:40:00,3.16,3.16,3.16,3.16,136.0,0.0,0.0,3.16,3.16,3.16,92.8,108.6,172.45,0.0
2020-07-03 14:45:00,3.16,3.16,3.16,3.16,35.0,0.0,0.0,3.16,3.16,3.16,96.4,95.4,146.5,0.0
2020-07-03 14:50:00,3.16,3.16,3.16,3.16,343.0,0.0,0.0,3.16,3.16,3.16,147.2,124.6,140.2,0.01
2020-07-03 14:55:00,3.16,3.16,3.16,3.16,983.01,0.0,0.0,3.16,3.16,3.16,306.6,206.9,169.4,0.02
2020-07-03 15:00:00,3.16,3.16,3.16,3.16,103.0,0.0,0.0,3.16,3.16,3.16,320.0,201.3,170.45,0.0
